,adview
0,1.7015457950678188
1,2.489529463615706
2,7.037813952626558
3,9.184989094375867
4,2.6782875726655777
5,1.7760432033547473
6,2.363471723071894
7,2.9744589790303304
8,1.8879605136279067
9,8.178608084921835
10,3.9412694436722875
11,1.5134524305559087
12,4.122998171498721
13,9.611563312269004
14,2.311618044798133
15,1.4635217861976235
16,1.8192209169820464
17,1.524324167140025
18,1.7897201708611832
19,2.1077621526014267
20,2.504525809713252
21,2.9591905617392613
22,3.9839340200818145
23,1.5102009994457526
24,1.9683236778761768
25,4.23345593426242
26,3.1697336902168987
27,1.9749324271413335
28,2.9744580698850247
29,1.5919848272411525
30,1.8833331287373634
31,2.520322431217211
32,1.7184517277446734
33,3.4377139702159125
34,2.7994185824702265
35,2.884007326981683
36,1.389392147717111
37,1.9361446630265817
38,1.9493523081418425
39,2.1997415596474377
40,2.183683223269599
41,2.14021658058424
42,1.7378195665329046
43,3.019386576534986
44,2.082191056351616
45,2.14369330507032
46,7.114750610826437
47,2.7666664567126897
48,1.852508537487185
49,2.1183765402543866
50,2.0632260933561546
51,1.9746729755743768
52,2.3106396185614453
53,1.5690232465243301
54,2.096327628757375
55,2.4685372811250135
56,2.164685309891365
57,3.1319019898144114
58,3.0656690519988503
59,2.405386024227755
60,1.7291510476944496
61,4.812088595543987
62,3.76581534702776
63,1.5069779587125636
64,2.945645717599202
65,1.916277095554528
66,2.1619303011697824
67,1.7415700763268587
68,2.113033876339613
69,4.2250131127945325
70,2.0029426279872347
71,1.7433444978920385
72,2.130619088409463
73,1.5621953607358352
74,2.102214947859067
75,6.823942929884959
76,2.294364239083759
77,1.6565081193504945
78,2.9616891835901087
79,1.788192061877779
80,1.8599303940108114
81,1.845681347319676
82,2.957621427120699
83,1.7055440336888992
84,2.0109070678070506
85,5.254867891620792
86,1.5610583111066987
87,18.527334550100672
88,4.641871331001716
89,5.127265907269401
90,2.2822852991215554
91,2.5298066190663553
92,1.4440413823115548
93,2.0535416567569387
94,2.0124665178880394
95,3.0897506843404376
96,2.2598446352375836
97,1.920674699458221
98,2.0968409712440232
99,2.4111570894534795
100,2.1894603480396713
101,1.6400197151883398
102,2.8627463431456515
103,5.359550221403919
104,1.5246106352331275
105,2.0486876585296816
106,2.856421002298556
107,2.9624142731835583
108,2.124738103661054
109,8.177032828947636
110,2.870226905480725
111,2.036310079121316
112,1.407957308386965
113,2.3805946998516183
114,1.6521444052760919
115,1.7766424210280207
116,1.352805938652049
117,4.878286289751017
118,2.17241349211102
119,2.2169005698822026
120,1.7406216560051018
121,4.014754521474826
122,2.4304320396203916
123,2.4180801511049577
124,1.4520182746239705
125,1.6473128847175018
126,2.1952805669044047
127,2.1190262382037366
128,2.506005076583272
129,1.7900699141828529
130,2.2414661252508505
131,3.559658968472626
132,4.235284987999119
133,1.5332884746933604
134,2.2349557203294665
135,1.6279622626893446
136,1.9261607873500926
137,1.545306104064891
138,2.269465427598261
139,1.7561603492410094
140,1.3976141303592757
141,13.691859119562
142,5.266483195471471
143,2.0377991369221364
144,1.4810705220875993
145,2.5049308537827955
146,2.0769220478457653
147,2.3440197668220355
148,1.8201280536808744
149,1.6224559582277756
150,1.9493317700054167
151,8.773818140846723
152,3.5250108730224343
153,2.1558731158448112
154,1.390586766791746
155,5.354367737326069
156,2.234845193982721
157,2.3551280883544106
158,1.3831460972027827
159,3.6743480653273792
160,4.57932576076838
161,2.0889437995814863
162,1.4237971896784942
163,1.827738404466503
164,10.257139463096673
165,2.3529125853224873
166,1.5773383910723484
167,12.653276082978307
168,2.031013717714168
169,13.032496951438631
170,2.7800067501480767
171,2.384676970190726
172,1.510182656147955
173,3.858862969508999
174,1.888167406254484
175,2.211758673254371
176,3.0884630428544315
177,2.090728014235304
178,2.160855848037616
179,1.825242047180319
180,3.5865422249477508
181,3.6510343419316564
182,2.291758316166193
183,2.4414995265855115
184,1.7495382180052619
185,3.4116684086426656
186,6.265786629193396
187,1.9538784622793197
188,2.4659221617926925
189,2.2078167564873916
190,2.6800558410154967
191,4.536213460255011
192,1.2823239484295308
193,3.390227944616102
194,3.3321830598854567
195,1.5075426078938396
196,2.510065138462125
197,3.629412858171501
198,3.9077901373638535
199,15.787986765448162
200,6.222665041108547
201,2.2006242790377044
202,2.5149712017333448
203,1.4207300243698175
204,4.387195128011846
205,1.6454862218607853
206,1.999669314874967
207,2.2673486461402215
208,5.781892417597057
209,1.4111654674540768
210,1.9028389020972192
211,6.193749104803068
212,6.341446003590942
213,1.7213455228985732
214,4.099525936167573
215,1.6577062975696253
216,2.620697993791289
217,1.49718983828211
218,6.10986903623194
219,2.083743262258067
220,2.095184719157743
221,2.2218110323746134
222,2.287233767950347
223,2.164089766713715
224,1.6088217319478928
225,2.0751282652702012
226,2.8803163623339136
227,1.8579908427090865
228,2.098687610490925
229,1.3763787468029975
230,2.1537151159174894
231,2.0293847653258448
232,2.509650859092575
233,1.8892301334789434
234,5.6733221740795585
235,1.9979634765675822
236,3.3979554469314626
237,3.41763748707303
238,8.929823463049805
239,2.435287369882836
240,4.151238419636064
241,8.37161446619786
242,3.423124694019929
243,2.446559991151118
244,1.5930408462684968
245,2.0560144375079705
246,6.170897285232573
247,2.4833662662677325
248,2.444457108347742
249,2.2966098258580607
250,1.617428865730237
251,3.16659747657066
252,1.8246275983166202
253,1.4835342440464876
254,2.544345435954675
255,2.34792579100852
256,1.8882422922242277
257,1.6472333209679935
258,9.615738173541569
259,2.0735387938354766
260,1.9614012886838077
261,2.829842040798688
262,2.1332893444316867
263,2.08337622100178
264,3.0684832959845356
265,4.651579945077884
266,3.354146934394492
267,3.0637681185284937
268,1.8847017203123226
269,1.679561659283102
270,1.8655556902320019
271,5.472030060562602
272,2.1962845300326093
273,2.0961619488220276
274,3.7537032610894823
275,2.37737930162497
276,2.0610643100906385
277,2.14949612151902
278,2.3566573444549435
279,1.4444377736136822
280,2.0526674506408
281,1.299849821581581
282,6.868261793837947
283,1.4312806924373702
284,2.1770497996761082
285,1.7545222029921743
286,2.196993885332735
287,1.2061240300434672
288,2.7138892748052132
289,2.0016587586131256
290,2.581132993289851
291,2.521625861215525
292,1.6331857320893053
293,2.252624582162352
294,2.1592434186415383
295,1.8842541158589303
296,2.0278140371400464
297,2.412739216066538
298,1.8797689563919138
299,2.2607648677962793
300,1.9582082543093913
301,2.102868215531637
302,2.7505753070735026
303,2.3530242873846157
304,1.5597008450021852
305,1.9811542908860775
306,2.910259196829273
307,5.766350132504213
308,1.6399641855970772
309,2.4731181147531704
310,3.77014208311461
311,1.871290940878875
312,2.2843434737217594
313,1.8347676943838551
314,3.4774009457197885
315,2.1379799924134977
316,2.082300404781133
317,1.5951914306146735
318,3.6407130956766967
319,5.395020487352449
320,2.1718120920136057
321,2.022911149256828
322,1.808033152543373
323,3.011185949091219
324,1.7518066665662873
325,1.6891362812614459
326,2.776631086623248
327,3.470215364033162
328,8.317508686250859
329,5.232394061755056
330,2.038155409505258
331,3.3098172762460667
332,1.6517443460712928
333,3.981196852597102
334,1.3486798063130863
335,1.7556611565632148
336,2.3557908373128997
337,1.9050679132413129
338,3.4980046885498255
339,5.5482843218444895
340,6.351903142835413
341,3.2720000642284597
342,2.1963574907412458
343,3.278848342943288
344,2.804526675662725
345,1.4150275928309468
346,1.4299143261596687
347,2.232595062947343
348,2.3163660729565807
349,2.047862434980978
350,2.465660662134915
351,1.764603988923775
352,2.0305964587386223
353,2.0301975799321568
354,2.069968773097231
355,1.4066287050649469
356,2.0588902802902376
357,2.344596432553211
358,1.9781533315457773
359,2.12068995672117
360,1.694667462574846
361,1.3464473596776139
362,1.9400686745384406
363,1.3815756359067355
364,2.643681678384317
365,2.9427392642370798
366,2.938526924195488
367,2.398451689912485
368,2.488172281867169
369,1.378039293014647
370,1.7432380542935206
371,1.893372279450943
372,1.3007662639932809
373,2.2585441766543077
374,3.3630976402430783
375,2.6331930424616887
376,1.8828407075161064
377,3.168152453809942
378,2.317075865663405
379,1.750942404347691
380,1.7019575169513514
381,1.294302312389381
382,1.6770763435478373
383,1.5665565109482458
384,5.2682667531553715
385,2.365151858127906
386,2.0867065543498553
387,1.8027966253372458
388,3.271624293566349
389,1.749897047788528
390,2.0515144418302054
391,14.953998409944635
392,2.1931769589091203
393,1.7675527287473116
394,1.4206865730353466
395,13.921824608507636
396,2.1842775234012515
397,2.037577135526411
398,2.2539092065144626
399,1.7523073340866782
400,2.903717049821948
401,1.6646581646138263
402,1.7564601647484968
403,3.8961195359428378
404,1.9698188630877618
405,1.9999660545119662
406,1.5656528538050174
407,5.300122573180177
408,1.6544253835931475
409,2.8033832394500435
410,2.153289127317061
411,2.9832459726339566
412,2.1304702141339407
413,2.379235635309238
414,2.440626888610283
415,2.822868767399125
416,5.037383174377968
417,1.923400555611864
418,11.65646053658957
419,1.9257841002870837
420,2.901472070554732
421,1.8854697741277022
422,16.24609157390438
423,2.1419124042733015
424,2.655106199638833
425,9.965075054139412
426,1.5983056734020422
427,6.231526403629331
428,1.573435288820046
429,2.2057782987068566
430,1.3125893692435584
431,2.1555076559841395
432,3.950422791936786
433,1.3942998806980467
434,1.861905665975555
435,2.9839783336516796
436,1.6960500458488976
437,2.0577491075431213
438,2.7020132157064873
439,1.5112254888372063
440,3.581338069691222
441,1.6259380809933124
442,2.3736788229064913
443,1.9336119450399578
444,1.6651451741053769
445,1.5639819088922908
446,5.236478210387708
447,1.513235484275112
448,2.318064687772195
449,1.9261495591805793
450,1.7558195347413363
451,2.54034710965772
452,1.8509007196532123
453,2.3679789345070117
454,2.7032455183530164
455,5.150040888047817
456,3.599665512864272
457,2.9480675084344377
458,2.009249555784572
459,4.150416206637898
460,3.8830408104738265
461,3.2283198262824366
462,3.047147844145085
463,4.329168551588992
464,3.077153380976943
465,8.670837488663597
466,2.69400535295856
467,2.6921168713026487
468,2.1150499277828905
469,9.178819196166318
470,1.9450664474295187
471,1.8379207378197875
472,1.2773739364827517
473,1.3701944339900507
474,1.6034856956481023
475,1.2522416502367002
476,1.4928786510006393
477,2.0836115797786343
478,2.3204935742521133
479,13.662893690921686
480,2.125627614008801
481,3.330296458721273
482,2.376412606761073
483,2.881195119486683
484,8.993468634751036
485,1.835337580450726
486,2.014341569702547
487,1.4231831548672171
488,1.7120754269519933
489,1.4906769840010927
490,2.6614369479824047
491,3.9088646803006264
492,2.2732293947210387
493,2.884505990411655
494,2.5173566724539005
495,3.659897250545629
496,3.121308237614584
497,7.679259981007538
498,1.601483174022053
499,2.673789612167548
500,2.657171109742867
501,1.737451560193799
502,2.3089769671551563
503,3.3193277469893943
504,1.9389066970190834
505,2.4822572966409804
506,3.152850112315082
507,2.1446948288427947
508,2.629823516140707
509,2.5246326508389245
510,3.749445887214855
511,7.11107675264671
512,2.7673451488689
513,3.286143990619858
514,2.922296459676322
515,1.648974674554581
516,3.688247177444718
517,1.3284848316012359
518,2.5104590863596004
519,2.3462560336361378
520,7.728957762893566
521,1.3726691398475022
522,2.507962709843931
523,2.0377014366305444
524,2.545979714289093
525,2.6884655112179465
526,3.3826103305219273
527,2.3889722857086615
528,1.47050512673168
529,2.096024717849856
530,5.155258239563909
531,2.769141552924124
532,1.895837912557317
533,4.052165215680602
534,3.912605956648422
535,1.6988060326411314
536,3.241804705056198
537,2.2195926532450656
538,2.628969663972046
539,5.850935598211488
540,5.04973064246445
541,1.4639639480222448
542,1.9711986432878934
543,2.0866892273165174
544,3.7209229425608257
545,1.4936290477665528
546,1.6281629897029146
547,2.020954889141281
548,2.6397017894409682
549,1.5726097052734898
550,1.9341202983657362
551,1.7168988229900695
552,1.501933929465808
553,5.95557044883518
554,1.5661715386045338
555,2.730597654137374
556,3.4460871007939375
557,11.776047008207115
558,4.735074236247043
559,1.6624946848754907
560,1.6432930184768952
561,2.779698451095448
562,3.257485710587267
563,2.4297633990723773
564,2.7123717861413525
565,1.6356060407906543
566,3.3121372266629825
567,1.5632524663748757
568,2.0612438298055547
569,4.705384420359148
570,2.956352884445629
571,2.7092268663606145
572,1.7529436528066393
573,2.0710023593165103
574,2.355953404347872
575,3.792047136207955
576,2.5157860877033733
577,2.868862361142964
578,1.3537574342689362
579,1.6385411057721164
580,2.6002916169937
581,2.186195942411014
582,2.250334262017616
583,1.3951541498432705
584,1.9483011448555994
585,1.9020560229203243
586,2.6202781423681443
587,1.8612278198502863
588,9.996114567466412
589,1.7414375550501735
590,7.854310903091292
591,1.580700474743983
592,1.4189020096585017
593,5.0031080405020445
594,3.3782257333106447
595,2.451546453153175
596,3.3288311353974867
597,1.9694655003501889
598,2.3401589790955755
599,2.1129854149562486
600,2.871315108159272
601,1.9342363001526093
602,0.9763268221644759
603,2.39081873754324
604,1.8900948164428821
605,2.3541512675934664
606,3.6977403543393947
607,2.0637741982294173
608,6.12242110973715
609,2.9010497742921473
610,1.587570628044554
611,2.319824066925432
612,3.741228385780263
613,1.419210040658883
614,1.9779947073456725
615,1.6268595525704423
616,1.6456438438023187
617,2.6274202571457
618,1.5033782676714469
619,2.225507961598832
620,1.7063696886802568
621,2.0044038221421134
622,4.216752052992277
623,1.4098895046601614
624,3.825761970304671
625,1.9021061489697066
626,1.8412074711273463
627,5.67602804678576
628,2.0010725278827977
629,2.37095598705327
630,6.484970464817306
631,1.6200137746044962
632,2.942223340617374
633,1.9622567278883962
634,6.658943076264657
635,2.0060139043982623
636,1.4758404222332726
637,1.4440714613240866
638,8.32670233241904
639,1.044702278960909
640,1.8038456593887684
641,3.8450418614797575
642,5.899537018090708
643,1.7612152538735957
644,2.0374621527643395
645,2.433751747477076
646,2.2453621954749723
647,3.8436572708907804
648,2.074283904495366
649,2.196294384258617
650,1.4792411375662589
651,2.593784000145985
652,3.1036565631539905
653,5.362655873816414
654,5.852534650263793
655,2.5230765233035455
656,3.5083814288262247
657,5.147231822205262
658,3.6495367532114216
659,1.7951938892555759
660,13.520715484673737
661,1.7423155725387542
662,3.400987024575019
663,2.1684532036428354
664,1.886785965214509
665,3.1055777002614904
666,1.2845582140157745
667,2.086681703208478
668,2.085485772224052
669,1.3755919789469155
670,1.8548769127930158
671,3.152660820887034
672,2.607214837357202
673,4.6547432677459994
674,3.97533923164524
675,2.878450855458977
676,2.4027509477105076
677,2.2506245629481967
678,2.9269477974208247
679,3.2624740343769747
680,1.283024860448951
681,4.163622032767512
682,2.6414121912849113
683,2.2418110609717457
684,1.7909906517240355
685,2.251630356219825
686,2.8334112116764687
687,7.499543673643203
688,1.857591202787011
689,3.205491463946531
690,3.0851446130035747
691,2.0404227000183806
692,3.800166276543528
693,1.9301625033169452
694,1.5358311613680602
695,1.8846219054242834
696,5.447002131376799
697,1.5981981579120519
698,5.190642669437635
699,5.367249745365529
700,2.43542895782642
701,3.5162954693504256
702,1.6631158770805772
703,3.8649674724270993
704,7.64158926051519
705,3.2313456693988525
706,1.8414408708910368
707,1.7177486003460902
708,4.606571504265586
709,2.479829072743273
710,1.8275168521323568
711,2.485661095196543
712,4.352130794910339
713,2.706186188869731
714,3.8797065825802672
715,1.5466547299823619
716,2.1610491322622267
717,2.1411551553761576
718,1.3721419855914596
719,1.7231764165614007
720,3.0503048281954266
721,4.537310989331679
722,4.085952534061735
723,1.8509095932145896
724,11.283366447935189
725,1.7262944873456827
726,1.8341244722530283
727,1.8669098326716607
728,5.273142892517323
729,3.256375286965489
730,4.276209224914371
731,6.708095955826286
732,2.7541627062209963
733,1.4710997854771355
734,0.82338640174958
735,2.1942306196359844
736,1.8120660628829457
737,1.6991664005921885
738,5.331845682505987
739,3.3354679277998165
740,1.7967772931496069
741,2.6897986499095072
742,2.35887963867701
743,1.4062137433150936
744,3.0734989954084133
745,2.365538872903448
746,1.532067476634328
747,2.507979035081091
748,2.368068401308059
749,1.2187794986745688
750,2.7749333849518774
751,2.5522252356131148
752,2.0439343628205595
753,14.150141380225847
754,2.2854955424843677
755,3.4245783034475212
756,1.9850060498247597
757,1.7409165512939613
758,2.8356349954578457
759,7.807639796019018
760,2.226249134373811
761,1.6506157748203423
762,1.372003512001407
763,1.5873800935912672
764,1.9158055696860259
765,2.417854980987035
766,2.4211108077960324
767,3.437927273337433
768,1.9853022419746411
769,1.9220646708466713
770,2.472815567921626
771,3.86764980565951
772,3.3001411629134028
773,1.8507934663114876
774,1.9618300012623586
775,4.406982910960961
776,8.99584891459583
777,7.002208222863683
778,3.6750605370436826
779,2.4047911888044027
780,1.5691842263077629
781,2.7646782480378684
782,2.6979085401264022
783,2.317731287435907
784,1.8359243266028937
785,1.3655946701878219
786,6.957610942374467
787,2.6734380675432208
788,2.4388495079559407
789,1.7958819620921105
790,4.98446571690479
791,2.057414912445699
792,1.6174112796163065
793,1.5441647021907778
794,2.2417539854761888
795,3.1129101506157397
796,8.561582854301012
797,2.3316001188446815
798,1.986362662084012
799,1.5343235317923236
800,2.037540002964658
801,1.5688281929975805
802,2.1743265933031637
803,2.239918179688869
804,1.702551820090683
805,1.8105884305648683
806,2.9509619646845993
807,4.466274737056254
808,1.7853300392949725
809,5.624413698653152
810,3.997693208423462
811,1.806859998402123
812,8.092078174867975
813,2.9269899973328144
814,3.6270729901770693
815,2.2554257196210674
816,2.308879110428295
817,9.067373652445637
818,2.172163460117794
819,2.8501538082398836
820,2.070002809749897
821,7.792748407547236
822,2.770232339753517
823,1.7676161990023633
824,1.8044179249027916
825,1.9286195190588487
826,2.750144181544016
827,1.9859688027398692
828,2.009794275379996
829,1.9392021712699457
830,1.9703512519903328
831,1.8319270542433792
832,1.5511688387478602
833,2.2737884740665333
834,4.528436078549817
835,1.5313741144665847
836,3.0860884186823294
837,8.799616503694466
838,1.6172506633047128
839,1.8584690572929303
840,7.137704445397464
841,2.080361659814016
842,7.8658268366899495
843,5.003167598052734
844,1.8143205027830311
845,1.5849099739117738
846,6.02521548536832
847,9.202109433026992
848,1.4882207615217147
849,1.9816255562372
850,1.4915161416282303
851,3.771478938184422
852,2.0683274853069173
853,2.673311172847904
854,1.762713724842242
855,2.7222526155345923
856,2.5694550044942397
857,1.6775420628891358
858,1.6805930754709628
859,2.4953080496530964
860,1.5255217359707864
861,2.7734824383387133
862,1.591073350089624
863,1.7928514616462334
864,2.0686514386896393
865,4.290056194592103
866,11.796185764614869
867,2.3376162465995867
868,1.3809864329219281
869,1.7310901408930492
870,11.644294248133349
871,5.769383838335152
872,2.099830837574669
873,1.863674006663739
874,2.2188946756095698
875,1.8671416839627162
876,2.4795987457406623
877,1.8194830468480174
878,2.4038370183061404
879,2.4519612183594672
880,2.6784849378377755
881,2.212689913817524
882,2.6758961618419375
883,1.597865772905219
884,2.5496935982144224
885,2.67766578023181
886,1.4084368571982102
887,1.604735966421265
888,2.2524579639598485
889,1.9032630597194897
890,1.4547699095013855
891,1.7878020236614214
892,1.6709738374469194
893,1.7616538665140542
894,1.564440538896384
895,2.1182883514362207
896,1.709911570469371
897,2.502356316259612
898,1.5233208300240917
899,2.1362295561088063
900,6.187077983572113
901,1.5070304043115317
902,1.7386724347332816
903,2.070257713722822
904,2.3279382893172644
905,1.5208697653906804
906,2.6435458237842786
907,2.167541184822054
908,2.057924527739747
909,3.5472525632748004
910,1.5916968974736343
911,2.64968121238418
912,2.5771787204672783
913,2.437469584194701
914,1.5407013084313825
915,1.7673084721265149
916,2.0538600782153598
917,1.6680071606288895
918,2.1557339293702205
919,2.2890901712154847
920,2.2502859192310405
921,2.2600157709060977
922,2.2731584084551484
923,3.347934992670034
924,1.495408942702022
925,1.4323828989908338
926,10.104564774246782
927,1.8626605480289595
928,2.4548294061218274
929,7.095287879967936
930,2.2066007815143576
931,1.6823216007405897
932,1.2883827325779684
933,2.6065795474225406
934,2.2204037548926414
935,7.084201310685909
936,1.653167238192405
937,2.0525889482177377
938,3.037609234111488
939,2.5518553816873903
940,1.4323407721473664
941,1.5435488856716821
942,4.380847920256922
943,3.0666496591060337
944,1.9433633904517698
945,2.6416432014257487
946,2.9934541818498657
947,13.415999263344883
948,2.327926613592741
949,1.5277365585420237
950,2.5256733286786623
951,1.9253313580661469
952,2.5945885316852646
953,1.3666255408297467
954,1.136144792321073
955,2.352534912703956
956,4.879149373092402
957,3.5489601117684333
958,2.8890065065385815
959,1.4086496723211215
960,3.087203546230486
961,2.38801088056813
962,2.801399482456591
963,15.2204806678108
964,4.157090272531378
965,2.174055454151774
966,1.6855788658490103
967,3.8197611584208992
968,2.4246244140260056
969,1.7898218239807095
970,2.7771299587861744
971,5.594865881118867
972,2.147897519748337
973,1.6779898328429077
974,10.867459751922892
975,2.0283090488597506
976,2.268584862330876
977,1.9529842947164602
978,17.574506829571614
979,2.2410695266629417
980,1.9930208749591902
981,1.406245304240096
982,1.5973393421438014
983,1.4753321177992875
984,1.8419026522220514
985,3.4720939218716937
986,1.7382882932855996
987,2.8057023165040658
988,2.7296539642744735
989,2.99002193780742
990,1.9645245299367224
991,1.8496972627415778
992,1.7081632647539151
993,2.6736816156439467
994,2.32417401976633
995,1.4214803585216869
996,2.2147093265558273
997,1.693776276981261
998,2.909329762941264
999,0.9694368552048984
1000,2.667201003921414
1001,1.8021725207250332
1002,6.030383748393824
1003,4.157421794470076
1004,5.7804314797658005
1005,2.2932971786368666
1006,2.4970045949711746
1007,2.523975072624916
1008,2.9924413422689686
1009,1.8490407998361145
1010,2.152790292697884
1011,2.231450384190402
1012,3.654362729673052
1013,1.885140663277543
1014,2.9042669651326016
1015,1.9753906376810741
1016,7.727712949287083
1017,1.945330957892783
1018,2.5020961040627885
1019,3.9133522580988203
1020,2.712902861890294
1021,2.3511031211456617
1022,2.181723400324085
1023,4.038198403470202
1024,2.429428401567566
1025,1.2559333011410714
1026,5.716396995443912
1027,8.028387160674082
1028,3.197467191309602
1029,3.749087671318242
1030,1.6684529609440735
1031,1.739966239514028
1032,1.4412594483678278
1033,3.3565600251524508
1034,2.8807764562863367
1035,2.3566097502583
1036,6.507843844440348
1037,1.5899393744954515
1038,1.3834007557845234
1039,1.395863238004504
1040,1.9012199076053018
1041,3.567505986949057
1042,2.5318276745656667
1043,2.750461492802638
1044,2.2056445706066232
1045,1.7592766363632548
1046,3.6597009068417106
1047,2.630066908120622
1048,2.0125786982172538
1049,2.344274854321798
1050,2.25800631356519
1051,3.776393878737287
1052,2.854957697414661
1053,11.125306730026546
1054,1.4976815704636453
1055,1.4737389007298969
1056,3.882235675995835
1057,2.2248396011107343
1058,1.9485358875236698
1059,3.7240705877832854
1060,2.208658221373014
1061,1.3976629330667802
1062,2.426702765783309
1063,8.07244603893306
1064,5.978587234821067
1065,1.5419100562838852
1066,2.045428717766829
1067,3.5541478739011776
1068,1.8041937236527126
1069,7.96004246596514
1070,2.822036247796043
1071,2.0292574041420077
1072,1.6169415197611758
1073,1.6690338063053956
1074,1.8781854008267338
1075,1.7184343494921994
1076,1.6232614451895286
1077,2.90626189417162
1078,1.7087536201456384
1079,1.561133636041783
1080,1.3036720652050704
1081,1.8848026507572502
1082,2.2104756711441462
1083,3.3453486288944285
1084,2.092307476072329
1085,3.3221004433455805
1086,2.930981887627341
1087,5.150212299932424
1088,1.3961351824338384
1089,2.101007485936801
1090,2.068532827564413
1091,1.5095250485636824
1092,1.8617672498585132
1093,14.097212549285368
1094,1.678616172898323
1095,4.245951972015463
1096,1.9046450037181892
1097,2.2771381748337234
1098,2.5163265204436005
1099,2.504158145402614
1100,7.9247561525676335
1101,1.594771463897085
1102,2.971317432876303
1103,2.4010572904802716
1104,2.0681099842835176
1105,4.53406940265053
1106,2.8865789955272714
1107,1.5788441949750422
1108,2.3594596220316255
1109,3.012497823075623
1110,6.475669289678806
1111,4.4414530861143655
1112,2.257005631264803
1113,3.978342248771998
1114,2.5976339806797153
1115,4.420142032594303
1116,9.357536891910119
1117,3.072829683309005
1118,1.8931267004034575
1119,2.7559121328412575
1120,1.7968626214381684
1121,1.8458114366967682
1122,2.350102430417043
1123,1.626461313661491
1124,1.3459729234283153
1125,2.257247363397045
1126,2.805560946072817
1127,3.069640369045724
1128,2.0270070860349136
1129,6.279242879890618
1130,3.8450131934770324
1131,2.0428244115936725
1132,1.7680484731529957
1133,2.975733643352924
1134,1.4691453841160187
1135,2.1130160043281725
1136,4.326692140058425
1137,2.252935812950274
1138,5.591489997987409
1139,1.6786484305222322
1140,2.3559258885354604
1141,1.5407270713025039
1142,11.011026963088296
1143,1.4125838740555352
1144,12.849152069915075
1145,1.7829339497611896
1146,18.526508503085996
1147,7.541622678070162
1148,3.1908991311518817
1149,2.119604990946813
1150,1.8835912297178967
1151,2.068037281088802
1152,2.1853542817475144
1153,2.0466565731715587
1154,1.9559249253006503
1155,2.2276158757698026
1156,1.8191169183979703
1157,3.7549096101959507
1158,1.8133651005396099
1159,2.3043946241671662
1160,1.8281350666088323
1161,2.203484328768796
1162,2.0199365404804426
1163,3.0625662179254625
1164,3.1801683324003487
1165,3.1199569393091795
1166,1.9314285040797676
1167,3.502887983622037
1168,1.4804815965883278
1169,2.083351955591761
1170,1.6629147527978727
1171,1.7179991770242071
1172,1.8992674141325927
1173,1.592463580987487
1174,1.3799077967851008
1175,5.455566272829241
1176,3.9667978989409205
1177,3.36474057231395
1178,2.31253453471811
1179,1.836065629849147
1180,4.069025226729639
1181,1.9081406761759756
1182,2.4810299731235674
1183,6.972583637670301
1184,2.3607134172182795
1185,2.0951851272516864
1186,2.0769117661681973
1187,2.4302065149277547
1188,6.846286173899292
1189,5.046541665573588
1190,2.706329136356046
1191,4.163352001516907
1192,7.607057104137695
1193,3.8616741178196614
1194,1.3868013030993085
1195,1.8596881116282553
1196,2.132816590493242
1197,1.813757210306993
1198,2.565789203598027
1199,1.9976591191662698
1200,3.1336570813087077
1201,2.2390875297832187
1202,2.042269162434656
1203,16.804440826411735
1204,1.971897804306534
1205,2.398517396107513
1206,2.5810509608123393
1207,1.8813649554224074
1208,5.164911503819797
1209,2.2197194884789333
1210,1.5630097646395333
1211,3.4097818536223286
1212,2.386309124413315
1213,1.8244692131775597
1214,2.19272829588942
1215,2.0213330599122394
1216,2.025698750091416
1217,16.99148089115889
1218,1.8007632147158183
1219,1.8357131264730202
1220,14.20451830558714
1221,1.9168490692298978
1222,1.773249596611079
1223,3.8000522825307304
1224,1.564353080436598
1225,1.022229698436194
1226,1.791651840302006
1227,1.3358293057038715
1228,3.3521309946429927
1229,1.5510114159244672
1230,1.7942338024679483
1231,2.3971577707679583
1232,2.5708799730820404
1233,1.3978062446211266
1234,1.6973225497880595
1235,1.7740902228764137
1236,1.4697240211687084
1237,2.32995095576325
1238,3.789856894154743
1239,1.076855171426455
1240,1.72190002263169
1241,1.9650277066511577
1242,1.856489839888623
1243,5.786126170147963
1244,2.0382401715820597
1245,2.7238421516658935
1246,1.8880423467865004
1247,2.722884077315711
1248,2.528511573034751
1249,1.8043310586376253
1250,6.489269271495645
1251,2.266519623559226
1252,2.2661752915175066
1253,1.4379273982289136
1254,2.769001123192783
1255,2.6828136650727767
1256,5.45126646934285
1257,2.300900255657926
1258,2.108249640152634
1259,2.4373963078528735
1260,3.824811331819821
1261,2.614316069426283
1262,3.226140148798377
1263,3.19171899954076
1264,2.0236298487955784
1265,2.2475521276218444
1266,2.792397263429738
1267,1.3811273041971321
1268,1.2042510858638988
1269,1.8365730044193382
1270,15.356182388200535
1271,4.816344052662146
1272,1.6682355230270116
1273,3.8519155650753194
1274,1.2656760305810733
1275,1.9971796998622442
1276,2.35118483752659
1277,1.2923946368307129
1278,12.230557352698346
1279,6.0521349806665725
1280,3.582121311840164
1281,1.4786987354434493
1282,1.8027939140142528
1283,3.131967868705102
1284,1.7257512334813936
1285,1.68143761035223
1286,14.245217918997097
1287,2.6299720217553055
1288,5.551098307025399
1289,1.538406281090519
1290,1.7952308951294547
1291,1.7961615118602947
1292,1.672377920954907
1293,2.1466116888405535
1294,1.5341421093321377
1295,1.5960411135720145
1296,5.856442775134954
1297,1.9615100326285462
1298,2.498407352890502
1299,2.069819563155817
1300,2.154980319936113
1301,1.5330160770281407
1302,2.149525530309356
1303,2.404341803990941
1304,1.3683795990220693
1305,1.7122171979426761
1306,5.510475716283545
1307,15.10125675253741
1308,2.1525235869981127
1309,2.146996165022248
1310,3.990945718222684
1311,1.756630723427174
1312,1.9245357882062333
1313,1.4921987702581339
1314,1.4200346955874563
1315,2.0298987720344415
1316,11.390793772342409
1317,2.6201208285317525
1318,1.972407948085137
1319,2.1106114821158046
1320,1.3655178011497573
1321,1.4981396230883535
1322,1.987543634515008
1323,3.676417442495195
1324,4.013233406122531
1325,8.091538411518293
1326,1.4619193474911558
1327,2.4406699117971935
1328,1.8929277302399128
1329,2.175096013191998
1330,1.9632707580048614
1331,2.235603762126729
1332,1.5100964957022787
1333,2.2027524584242926
1334,2.115431139531238
1335,1.3858509193705442
1336,3.2734830490815696
1337,2.01694216603827
1338,1.6807442577994784
1339,2.6842252872505825
1340,2.4440385947554844
1341,2.0834734041454723
1342,2.05909616462138
1343,1.519569472963202
1344,1.0974333914191714
1345,1.5031426920651754
1346,4.588575674545893
1347,2.0302536578717816
1348,1.966147682140876
1349,1.8127397769649713
1350,2.464650776036455
1351,1.632823303408505
1352,2.052086206369105
1353,1.7246567808016342
1354,2.055121285771677
1355,2.38050413741858
1356,1.2750478294644183
1357,2.46876916807702
1358,1.9164993389788885
1359,2.2049034050253566
1360,3.7882766515832174
1361,1.6867958655142496
1362,14.341036601573304
1363,1.597433589059713
1364,1.7331257235650135
1365,2.592634285115519
1366,1.8555433941162274
1367,2.2739210402672394
1368,1.5206895460726915
1369,1.9093985543430063
1370,4.50027076069378
1371,2.5091296153204614
1372,2.3166302950136792
1373,2.4540781578920923
1374,2.17890049821739
1375,2.8005547836091145
1376,2.3923941019344293
1377,2.522416135655861
1378,1.6212365168034106
1379,2.3781802942339736
1380,1.778906764344753
1381,8.42903472498897
1382,1.642205438308033
1383,2.0503799466025616
1384,2.6429374631554987
1385,1.3233416297357268
1386,2.0906087409630505
1387,7.0791866748821395
1388,1.7343789784904393
1389,1.7519480208426352
1390,1.8451479111643854
1391,2.9094362616519804
1392,3.167226671190399
1393,1.7147028230217427
1394,10.861970763122772
1395,2.868016489518509
1396,4.1401933176238295
1397,1.5229370767800652
1398,5.668664397169116
1399,1.5664845837436232
1400,16.161480190203314
1401,2.4879003956592554
1402,2.8174118082090946
1403,2.6112247439858667
1404,2.089967815496064
1405,2.508670881837693
1406,1.3051140884913583
1407,7.611121813987014
1408,2.541907897830387
1409,1.9211393271536727
1410,6.7174180855654075
1411,2.217160044997936
1412,4.257439537625629
1413,2.3774929347985547
1414,1.3734532530392602
1415,9.83035115036585
1416,1.86562052388788
1417,1.956957248940334
1418,2.064231047256996
1419,7.814838426070713
1420,2.88260135493163
1421,1.1841841750058735
1422,2.9474030974773724
1423,1.717203119712094
1424,8.694145838538732
1425,1.8883671611776345
1426,2.311181099934587
1427,2.783008923101506
1428,1.1636817228574299
1429,2.69284886403915
1430,3.9419149323765006
1431,2.4785352206131632
1432,1.5216094229143349
1433,1.6878505957779093
1434,1.7179626726184687
1435,1.398586948633365
1436,1.355367275499599
1437,3.672832284073304
1438,2.980364397557123
1439,2.4335246826403605
1440,2.3229302345227922
1441,7.282487136756721
1442,7.206434848252661
1443,3.7129676635818436
1444,3.446029633252396
1445,4.059580471090408
1446,1.0800193031828669
1447,2.300286419457162
1448,4.386997598993563
1449,1.8192991774299254
1450,2.3352435046946116
1451,2.703643068265645
1452,3.5163870523896423
1453,1.4045655754393689
1454,7.68418508611061
1455,6.863944431294712
1456,1.8081794943904144
1457,5.168857924417317
1458,1.7872626001096281
1459,2.185911681813414
1460,2.2471125326361734
1461,5.37553324323312
1462,2.4553311934465993
1463,1.9170017424199357
1464,1.2951126792981698
1465,1.4478180835243912
1466,1.4876448212702278
1467,3.531994785131304
1468,2.1922744457935854
1469,2.075769504430623
1470,7.493221272982541
1471,6.542616971184879
1472,2.829376985618069
1473,2.5596333000498084
1474,2.343561042322797
1475,2.535590654579106
1476,2.2494681769108493
1477,5.03171484870132
1478,2.2547774118486488
1479,2.0538864350596757
1480,1.8277388981416571
1481,2.7626505597149422
1482,1.9862195500467785
1483,2.1468386135036144
1484,8.439301146014614
1485,2.6054324903887505
1486,2.3867689876217346
1487,8.946774163627925
1488,12.197929530555449
1489,1.2927918186410867
1490,2.388862304299262
1491,2.232545203576149
1492,3.163934153676777
1493,4.379867374765103
1494,2.5284114791336503
1495,1.7055587247842103
1496,6.781327620841665
1497,3.788869928392338
1498,16.923356236079325
1499,2.2400628024557987
1500,2.133945650148447
1501,2.2583856279119003
1502,3.2746423179715514
1503,2.0075221555677922
1504,2.715679074403365
1505,4.437267421177031
1506,7.225098536761019
1507,5.750811062553739
1508,1.2707716895724404
1509,5.402536000673146
1510,10.572985752106888
1511,1.4174904159460806
1512,1.5740349328110304
1513,2.3495123539701774
1514,2.5728360501655425
1515,2.7473870030439027
1516,1.3345219626276315
1517,7.537479280678353
1518,2.6931769852350227
1519,1.401813896613071
1520,1.8767553510613189
1521,1.8761726438375086
1522,1.985420503441531
1523,1.654420117699746
1524,1.8879788924021996
1525,1.8592487729298155
1526,2.0516897399566005
1527,1.3954797670964307
1528,4.144319687196424
1529,1.841765745992722
1530,5.196481796260835
1531,2.229334739152553
1532,2.4871883512830335
1533,1.7910248984402533
1534,1.6649327575889838
1535,9.733152515678693
1536,2.140620153688202
1537,2.1071373824890047
1538,2.152757071620036
1539,11.182625229225703
1540,4.85018539476707
1541,3.661034490969477
1542,18.713823877486124
1543,1.5967580804785793
1544,2.64367602364147
1545,3.3171630939947043
1546,2.9551995607672428
1547,3.4521781187440728
1548,6.304624101289848
1549,2.5466495640837694
1550,1.4850884061175011
1551,5.480544431115983
1552,1.4013864776495426
1553,1.5713590754646507
1554,3.352210916133405
1555,4.796424997223083
1556,2.436943386536367
1557,2.7504774811084767
1558,1.61883552047194
1559,3.5931092774338538
1560,1.5920081706526266
1561,2.2372740858748585
1562,1.6964419331431835
1563,3.665662837051701
1564,1.6605268097633297
1565,1.4859672039036362
1566,9.16168248866442
1567,2.4082918733541536
1568,1.2805591457819703
1569,1.93317429178444
1570,3.1514825160175297
1571,2.3855114594565356
1572,10.346179981767346
1573,1.9583316094709136
1574,1.3882021525981543
1575,4.384458449605884
1576,2.9708976175097814
1577,1.6590723107359806
1578,2.3426766071552017
1579,3.875460795296696
1580,1.9584690158197897
1581,3.089341872318952
1582,1.9832489782320155
1583,1.4638091393263646
1584,1.738050064952354
1585,1.8062799668450351
1586,3.011741230177207
1587,2.2229941306983596
1588,2.4122469782140334
1589,2.222313118173397
1590,2.3236229999377755
1591,2.088248457225032
1592,2.1013420231172564
1593,1.4393380186128772
1594,2.959497233402425
1595,3.43988512154465
1596,2.27522847968937
1597,3.2857467343658913
1598,4.095234427547445
1599,2.3876832114817237
1600,1.4787648765405543
1601,2.2329928055972252
1602,2.1666468083936703
1603,2.197670430100867
1604,1.6749585712538275
1605,3.6297493409956263
1606,2.510132325576361
1607,2.289447910917155
1608,8.729252709284271
1609,3.4087988316394044
1610,2.512044245259799
1611,1.9457485051327224
1612,3.1168956621845134
1613,2.402994448732489
1614,1.5973234423675244
1615,1.4473773900269649
1616,2.895660205548206
1617,1.545050127230184
1618,2.507761625018307
1619,3.389700672180941
1620,3.647870830240759
1621,2.4207133411597077
1622,2.0680277945315186
1623,1.9991555520043107
1624,3.244527086027443
1625,2.5326219474347376
1626,2.278373258465562
1627,1.731060780946098
1628,2.4699008406769214
1629,5.172793412787794
1630,1.4770034782977932
1631,2.165302614311515
1632,3.669292911872836
1633,2.06216583321139
1634,1.5632055339834405
1635,2.79127096795391
1636,1.8955256270031546
1637,2.5588818795602117
1638,2.4050902594192136
1639,1.376723956101419
1640,10.92644206965077
1641,1.9338124082512183
1642,3.203991496813837
1643,6.342388898121905
1644,1.7756505420346902
1645,2.6666262074949625
1646,2.9689800701313125
1647,2.325303822344186
1648,1.8731473821776843
1649,2.2830652069620347
1650,1.3855202919704053
1651,4.734980467725052
1652,1.7628331169662277
1653,3.143258845421376
1654,2.0000953028157227
1655,3.251348540958854
1656,1.303857407103048
1657,5.802361604066472
1658,1.8638928326806519
1659,1.7158789452240233
1660,2.83805073383941
1661,1.6285026523591473
1662,3.239871083638112
1663,2.3029327922290754
1664,2.139417852612072
1665,2.1900032670695455
1666,9.446133871654594
1667,2.410827114280254
1668,3.454452197830774
1669,1.8183060639937805
1670,5.54995989348031
1671,1.5596263883102306
1672,3.293974381931735
1673,2.794879566846899
1674,1.804631648962077
1675,1.9027495328258373
1676,7.533051790486656
1677,5.079510478382697
1678,9.39474148757462
1679,2.30588267474314
1680,2.1859861121529756
1681,1.5406823812891095
1682,1.9328673815020854
1683,6.740282967789104
1684,3.1014068885109936
1685,1.6995380831176794
1686,2.245364317063001
1687,3.3919129461694895
1688,2.3488403111153113
1689,4.937355645963161
1690,2.0735396219686444
1691,3.161625847506513
1692,2.3005230083207016
1693,3.8823486020792286
1694,7.144415776055148
1695,3.7517535888922273
1696,1.6698651119479457
1697,1.654620239430967
1698,1.7364046948332823
1699,1.459409506326995
1700,12.749145051077177
1701,1.3630793725767316
1702,1.6424628442853089
1703,1.6053926405853798
1704,3.1391801530428562
1705,4.975827943333261
1706,2.238393505797597
1707,3.299303591787782
1708,3.0315088888799577
1709,2.5071917687818344
